id,orders,days
"22","1","2"
"28","9","7"
"51","3","6"
"59","178","0"
"62","3","13"
"83","82","0"
"156","1","24"
"158","1","23"
"160","3","20"
"165","1","9"
"237","2248","0"
"248","12","9"
"261","48","0"
"273","29","0"
"282","27","2"
"289","17","2"
"290","57","0"
"302","3","12"
"316","124","1"
"320","144","0"
"324","1","22"
"349","13","7"
"364","16","1"
"367","10","0"
"368","329","0"
"376","25","0"
"378","19","1"
"427","24","11"
"430","922","0"
"435","29","1"
"554","4","15"
"1472","152","2"
"1568","864","0"
"1738","36","2"
"2169","3","7"
"3309","21","2"
"3311","41","1"
"3398","40","1"
"3407","15","2"
"3408","38","2"
"4234","3","28"
"4249","9","5"
"4258","37","0"
"4259","30","2"
"4270","32","2"
"4285","539","0"
"4310","142","2"
"4340","44","0"
"4350","21","2"
"4376","24","3"
"4521","50","0"
"4530","9","2"
"4858","15","1"
"4874","29","2"
"4879","227","0"
"4880","150","0"
"4884","12","1"
"4890","31","2"
"4907","21","2"
"4964","2","28"
"5130","39","2"
"5356","29","2"
"5695","4","6"
"5820","36","0"
"5828","166","1"
"6275","2","18"
"6283","17","1"
"6344","12","2"
"6705","31","3"
"6818","3","13"
"6914","14","7"
"7728","246","0"
"8050","89","0"
"8634","940","0"
"9547","346","0"
"9667","22","1"
"9698","68","0"
"9711","131","2"
"9731","16","6"
"10076","6","0"
"10099","24","1"
"10116","15","13"
"10138","28","1"
"10367","4","19"
"10474","10","9"
"10733","63","1"
"10804","33","0"
"10838","21","0"
"10872","26","1"
"11515","5","12"
"11623","449","0"
"11770","544","0"
"11853","115","2"
"11880","16","0"
"12187","36","3"
"12465","58","2"
"13068","11","4"
"13257","38","0"
"13401","153","0"
"13752","17","0"
"13922","3","9"
"14196","103","1"
"14253","66","1"
"14409","12","1"
"14804","47","1"
"14807","42","2"
"14897","112","0"
"15016","1","5"
"15434","21","3"
"15998","63","0"
"16238","15","6"
"16797","33","2"
"16875","26","4"
"16930","1","23"
"16995","149","0"
"17095","268","1"
"17174","22","3"
"17212","1","26"
"17523","16","8"
"17560","3","0"
"17586","4","7"
"17870","92","1"
"18027","2","18"
"18081","485","0"
"18171","8","3"
"18271","5","8"
"18373","159","0"
"18433","29","2"
"18470","30","1"
"18474","10","4"
"18630","45","1"
"18964","212","0"
"19050","16","2"
"19394","11","0"
"19420","8","13"
"19464","2029","0"
"19482","45","0"
"19575","407","0"
"19578","1","18"
"19812","3","18"
"19894","8","2"
"19921","99","2"
"20313","20","1"
"20442","2262","0"
"20470","7","3"
"20492","593","0"
"20516","35","1"
"20593","302","0"
"20766","12","2"
"20870","2","7"
"21019","26","0"
"21066","69","0"
"21162","70","1"
"21632","354","0"
"21657","4","10"
"21694","14","3"
"21846","53","1"
"21849","40","0"
"21968","134","0"
"21975","12","2"
"22535","4","4"
"22566","3","9"
"22724","7","7"
"22970","25","4"
"23065","12","1"
"23143","35","1"
"23296","3","19"
"23301","76","0"
"23358","54","1"
"23414","60","1"
"23443","64","1"
"23483","70","5"
"23502","61","0"
"23576","57","2"
"23776","47","0"
"23836","47","0"
"23938","27","0"
"24090","223","0"
"24099","7","3"
"24357","15","2"
"24444","11","3"
"24574","5","4"
"24668","151","0"
"24740","563","0"
"24800","3","10"
"24853","5","13"
"25016","183","0"
"25635","182","0"
"25716","13","1"
"25778","3","19"
"25783","19","6"
"25892","75","1"
"26357","4","4"
"26412","17","1"
"26436","32","0"
"26591","16","6"
"26669","3","4"
"26980","18","2"
"27318","10","5"
"27389","7","12"
"27530","7","1"
"27593","1","27"
"27642","3","30"
"27731","62","0"
"27926","25","0"
"27964","65","1"
"27980","789","0"
"27997","518","0"
"28078","3","12"
"28108","6","4"
"28296","10","3"
"28302","15","7"
"28355","1","0"
"28430","15","5"
"28497","11","1"
"28499","49","1"
"28517","2","11"
"28596","1","17"
"28700","1","25"
"28948","365","0"
"28964","14","3"
"29204","28","3"
"29611","28","4"
"29656","247","0"
"30052","25","1"
"30164","10","10"
"30262","6","0"
"30329","35","3"
"30625","77","0"
"30628","14","0"
"31119","2","19"
"31204","45","3"
"31356","27","0"
"31358","40","2"
"31426","133","0"
"31427","34","1"
"31433","29","1"
"31437","2","23"
"31591","4","21"
"31729","1","28"
"31793","16","1"
"31831","901","0"
"31848","10","1"
"32244","1","29"
"32251","76","2"
"32382","11","3"
"32390","2","6"
"32944","2","23"
"32976","1","18"
"33248","4","18"
"33281","219","0"
"33433","46","3"
"33439","92","0"
"33731","3","1"
"33792","9","2"
"34568","82","1"
"35093","15","3"
"35507","55","0"
"35538","7","4"
"35681","14","6"
"35928","8","5"
"35937","4","10"
"35987","970","0"
"36030","360","0"
"36037","560","0"
"36169","5","6"
"36202","360","0"
"36222","45","3"
"36702","4","10"
"36703","3","3"
"36755","6","18"
"36776","5","8"
"36994","2","22"
"37058","5","3"
"37299","21","2"
"37433","250","0"
"37447","532","0"
"37457","53","3"
"37480","101","0"
"37570","65","0"
"37659","3","9"
"37767","1","27"
"37879","32","0"
"37896","33","3"
"37910","28","2"
"38617","905","0"
"38710","22","2"
"38911","104","0"
"39030","10","14"
"39163","79","0"
"39182","9","4"
"39196","10","4"
"39378","1","27"
"39546","8","15"
"39831","52","0"
"39840","35","0"
"39885","3","17"
"40101","5","10"
"40218","24","8"
"40604","26","1"
"40628","15","7"
"40805","260","0"
"40858","248","1"
"40988","42","0"
"41087","3","23"
"41116","13","8"
"41290","186","0"
"41339","9","22"
"41584","20","3"
"41867","29","2"
"42158","36","1"
"42544","54","1"
"42546","20","2"
"42598","18","0"
"42743","45","2"
"42744","71","2"
"42900","195","2"
"42902","151","0"
"42996","4","4"
"43035","6","6"
"43076","261","0"
"43287","199","0"
"43351","144","1"
"43517","68","1"
"43519","5","2"
"43651","7","0"
"43788","19","2"
"43923","22","0"
"43936","64","5"
"44186","369","0"
"44360","88","2"
"44640","31","0"
"45009","10","5"
"45015","37","0"
"45140","16","3"
"45269","4","6"
"45335","32","1"
"45427","112","0"
"45520","5","6"
"46085","433","0"
"46303","1","19"
"46325","88","1"
"46395","1","29"
"46833","87","0"
"46929","26","6"
"46995","16","3"
"47057","24","4"
"47190","231","0"
"47661","24","3"
"47755","213","1"
"47950","12","6"
"47991","188","0"
"48381","7","10"
"48464","145","1"
"48499","1","22"
"48565","22","0"
"48675","18","4"
"48849","28","1"
"48964","48","0"
"48990","45","2"
"49169","38","1"
"49633","51","0"
"49859","385","0"
"50483","17","0"
"50924","643","0"
"51036","52","2"
"51049","286","0"
"51135","1","18"
"51233","5","3"
"51741","9","2"
"52007","6","9"
"52118","26","0"
"52470","1","13"
"52718","42","0"
"53143","365","0"
"53183","7","4"
"53356","24","2"
"53849","207","0"
"53988","5","17"
"54102","2","1"
"54775","197","0"
"55370","11","2"
"55612","6","3"
"55926","267","0"
"56716","8","4"
"57041","19","1"
"57249","1","22"
"57311","1","4"
"57355","3","5"
"57512","5","5"
"57580","1227","0"
"57612","155","0"
"57711","12","1"
"58767","7","10"
"59218","10","4"
"59537","47","2"
"59554","33","1"
"59562","2","13"
"59622","8","10"
"59683","2","15"
"59896","4","16"
"60027","8","6"
"60036","86","0"
"60141","247","0"
"60407","56","4"
"60584","10","8"
"60763","3","16"
"60787","81","0"
"60867","36","6"
"60873","16","4"
"61232","14","1"
"61361","16","1"
"61406","5","4"
"61496","21","0"
"61711","6","13"
"62021","1","30"
"62150","16","12"
"62219","41","0"
"62482","2","11"
"62588","3","8"
"62914","48","1"
"62951","4","3"
"62980","57","0"
"63015","5","8"
"63293","3","13"
"63387","118","0"
"63472","1","16"
"64333","1","18"
"64512","6","3"
"64614","18","5"
"64629","73","1"
"65028","43","1"
"65177","28","0"
"65346","54","1"
"65409","21","11"
"65654","1","22"
"65705","13","4"
"65819","37","0"
"65905","38","0"
"66105","20","3"
"66500","5","1"
"66818","2","1"
"66919","3","7"
"66953","9","5"
"67048","52","0"
"67280","83","0"
"67309","2","13"
"67312","5","15"
"67336","30","4"
"67413","388","0"
"67527","133","0"
"67604","107","0"
"67902","129","0"
"67980","16","2"
"68266","14","9"
"68627","12","2"
"68868","4","7"
"68926","11","9"
"68959","4","0"
"69440","41","1"
"69532","43","0"
"69534","4","2"
"69544","19","5"
"69624","67","2"
"69775","2","9"
"70016","26","3"
"70087","10","1"
"70133","50","2"
"70264","194","0"
"70506","34","5"
"70555","8","9"
"70586","2","27"
"70591","21","0"
"70871","8","5"
"70927","31","3"
"71183","21","2"
"71495","24","3"
"71500","95","0"
"71509","30","3"
"71632","36","6"
"71674","47","0"
"71721","189","0"
"71753","43","1"
"71759","3","2"
"71811","138","1"
"71861","34","1"
"71961","5","11"
"72108","89","0"
"72127","14","5"
"72139","14","0"
"72170","12","2"
"72834","24","0"
"72949","19","1"
"72979","1","7"
"72981","8","4"
"72993","31","2"
"72998","3","10"
"73020","20","4"
"73132","22","2"
"73198","186","0"
"73591","15","5"
"73629","1","6"
"73692","1","9"
"73697","34","2"
"73741","372","0"
"73844","6","6"
"74099","6","4"
"74156","9","2"
"74363","19","2"
"74498","42","3"
"74503","38","2"
"74914","2","22"
"75098","12","2"
"75130","257","0"
"75156","121","0"
"75560","174","0"
"75757","6","1"
"76033","2","21"
"76596","13","1"
"76950","18","0"
"77161","58","0"
"77226","7","2"
"77545","9","3"
"77582","1","28"
"77726","21","0"
"77988","7","7"
"78080","1","6"
"78114","18","0"
"78417","1","9"
"78426","2","6"
"78564","3","4"
"78947","29","2"
"78984","203","0"
"79122","6","19"
"79445","33","2"
"79590","27","3"
"79879","2","9"
"80017","66","1"
"80295","36","2"
"80404","15","7"
"80514","11","1"
"80546","8","1"
"80725","6","8"
"80846","23","5"
"81068","6","7"
"81255","148","0"
"81557","51","1"
"81560","1741","0"
"81580","362","0"
"81860","41","0"
"82081","96","0"
"82158","4","7"
"82179","20","2"
"82193","636","0"
"82413","1","13"
"82459","9","0"
"82481","54","0"
"82514","6","4"
"83479","1","17"
"83621","24","7"
"83635","11","0"
"83740","7","5"
"83771","15","1"
"83947","204","1"
"83993","50","0"
"84255","1","23"
"84265","7","6"
"84290","47","0"
"84459","7","15"
"84584","63","3"
"84694","88","0"
"84751","18","2"
"84960","2","7"
"85077","4","1"
"85184","56","1"
"85210","5","12"
"85229","36","1"
"86021","225","0"
"86377","14","2"
"86463","3","22"
"86586","15","1"
"86907","3","12"
"87134","12","2"
"87867","3","1"
"88024","23","4"
"88209","45","0"
"88505","1","25"
"88541","38","3"
"88623","45","0"
"89317","11","4"
"89491","2","12"
"89655","106","0"
"89874","26","2"
"89968","45","0"
"90003","184","0"
"90425","2","4"
"90498","26","4"
"90506","31","3"
"90739","11","4"
"90796","37","0"
"90816","2","12"
"90878","34","1"
"90884","24","0"
"90939","8","2"
"91192","90","0"
"91274","396","0"
"91683","20","2"
"91692","14","1"
"91752","2","20"
"92000","20","3"
"92044","62","0"
"92104","343","0"
"92122","3","9"
"92229","3","4"
"92233","12","2"
"92292","4","6"
"92384","55","0"
"92518","9","2"
"92579","17","9"
"92837","9","12"
"92860","15","0"
"93294","4","9"
"93333","9","10"
"93433","68","2"
"93506","65","2"
"93569","4","12"
"93595","12","0"
"93850","31","1"
"93878","8","12"
"94098","5","4"
"94174","1","22"
"94250","5","10"
"94397","7","10"
"94627","1","4"
"94689","79","0"
"95360","2","14"
"95445","102","2"
"95620","8","6"
"95673","19","7"
"95712","11","1"
"95894","12","7"
"95948","154","0"
"96114","936","0"
"96192","147","0"
"96319","8","13"
"96494","1","30"
"96660","14","4"
"96669","66","0"
"96678","2","29"
"97027","30","6"
"97065","175","0"
"97213","8","7"
"97293","33","1"
"97387","5","9"
"97724","36","2"
"97748","5","6"
"98259","29","3"
"98670","44","2"
"98736","70","1"
"98885","12","5"
"98976","2","18"
"99008","2","2"
"99127","12","3"
"99478","3","4"
"99481","7","0"
"99489","19","2"
"99535","30","0"
"99709","2","23"
"99754","7","4"
"99945","1","3"
"100230","4","12"
"100521","277","0"
"100592","4","20"
"100625","26","0"
"100741","12","1"
"100921","4","10"
"101075","16","5"
"101107","57","0"
"101164","55","1"
"101207","130","0"
"101369","73","0"
"101926","27","2"
"101963","9","18"
"102107","21","1"
"102151","6","19"
"102438","28","1"
"102570","23","4"
"102580","57","2"
"102645","8","8"
"103006","9","5"
"103027","54","0"
"103120","625","0"
"103142","2","17"
"103222","2","14"
"103314","10","5"
"103505","6","1"
"103520","233","0"
"103552","15","8"
"103861","21","0"
"103922","17","8"
"104352","7","10"
"104506","108","0"
"104663","1","17"
"104832","53","1"
"104858","25","4"
"104873","179","1"
"105432","172","0"
"105496","51","0"
"105630","25","6"
"105761","18","2"
"105820","23","0"
"105830","2","10"
"105920","13","8"
"106140","24","0"
"106725","95","0"
"107346","211","1"
"107550","86","0"
"107885","22","0"
"107989","4","9"
"108429","4","25"
"108477","14","4"
"108746","9","2"
"108919","2","7"
"108949","4","6"
"109034","44","0"
"109273","25","3"
"109390","2","0"
"109462","42","1"
"109560","34","1"
"109638","227","0"
"109724","16","1"
"109774","8","3"
"109825","29","1"
"110143","18","0"
"110200","15","0"
"110221","19","2"
"110550","20","2"
"110552","183","0"
"110588","61","0"
"110641","9","9"
"110676","10","2"
"110766","3","19"
"110808","81","3"
"110839","26","2"
"110936","22","1"
"111039","46","0"
"111138","8","0"
"111390","12","1"
"111401","36","0"
"111493","107","1"
"111948","127","2"
"112120","30","0"
"112343","37","1"
"112540","15","4"
"112610","5","18"
"112801","52","1"
"112859","4","11"
"113101","14","0"
"113140","3","7"
"113329","35","1"
"113383","3","16"
"113415","2","23"
"113653","134","0"
"113672","3","3"
"113865","44","1"
"113868","168","0"
"113892","5","1"
"113974","5","4"
"113988","97","0"
"113996","18","0"
"114049","7","6"
"114090","7","0"
"114338","25","6"
"114385","20","7"
"114479","3","20"
"114521","1","23"
"114765","14","4"
"114969","52","1"
"115100","20","4"
"115156","2","23"
"115266","33","5"
"115795","11","2"
"116000","28","3"
"116087","38","2"
"116249","1","18"
"116646","16","2"
"116955","29","1"
"116959","50","0"
"117116","4","16"
"117253","1","19"
"117442","10","2"
"117765","16","3"
"117952","1","13"
"118242","107","1"
"118351","4","2"
"118480","3","10"
"118644","8","0"
"118729","20","0"
"119214","11","9"
"119420","17","1"
"119443","14","10"
"119468","1","22"
"119537","3","6"
"119824","54","0"
"119875","9","2"
"120219","7","28"
"120308","13","2"
"120418","12","4"
"120534","20","1"
"120601","72","0"
"120622","17","6"
"120659","8","5"
"120662","1","16"
"120702","29","2"
"120763","34","0"
"120770","585","0"
"120952","402","0"
"121059","2","5"
"121387","10","3"
"121791","41","4"
"121830","115","0"
"121831","20","9"
"121843","27","0"
"121876","32","1"
"121922","15","1"
"122342","16","6"
"122344","1","18"
"122401","13","0"
"122418","15","4"
"122583","301","0"
"122936","33","0"
"122973","18","3"
"123031","9","3"
"123134","8","3"
"123170","6","9"
"123258","8","0"
"123608","1","29"
"123650","2","9"
"123665","5","3"
"123688","27","2"
"123705","52","1"
"123783","7","2"
"123814","24","3"
"123886","5","4"
"123900","11","6"
"124016","401","0"
"124145","8","0"
"124346","2","5"
"124447","7","8"
"124656","4","10"
"124854","10","9"
"124998","30","1"
"125114","218","0"
"125139","21","12"
"125288","1","7"
"125292","109","0"
"125305","14","0"
"125416","6","13"
"126012","76","1"
"126207","8","11"
"126268","179","1"
"126594","93","0"
"126627","14","4"
"126821","21","0"
"126856","18","2"
"126865","6","1"
"127048","8","1"
"127302","27","2"
"127540","244","0"
"127639","3","21"
"127849","264","0"
"128141","39","1"
"128203","106","0"
"128248","25","0"
"128249","24","2"
"128416","19","0"
"128446","233","0"
"128553","6","8"
"128555","5","2"
"128610","4","12"
"128620","80","0"
"128803","13","2"
"128878","1","8"
"129129","48","1"
"129206","3","25"
"129266","64","1"
"129306","3","13"
"129320","19","4"
"129416","14","20"
"129752","492","0"
"130100","5","8"
"130220","8","1"
"130256","10","9"
"130302","166","0"
"130383","23","1"
"130455","7","6"
"130752","1","29"
"130857","1","28"
"130914","1","20"
"131206","16","1"
"131234","471","0"
"131428","1","27"
"131437","8","13"
"131496","4","10"
"131521","15","0"
"131541","22","1"
"131550","2","26"
"131701","3","13"
"131754","8","16"
"131877","110","0"
"132013","15","0"
"132187","5","9"
"132218","1","18"
"132306","33","0"
"133350","6","8"
"133430","9","5"
"133483","12","11"
"133571","15","4"
"133838","6","3"
"133840","637","0"
"133846","3","10"
"133883","2","18"
"133989","12","2"
"133994","5","2"
"134012","1","8"
"134160","2","11"
"134213","6","4"
"134264","8","3"
"134289","100","0"
"134483","160","0"
"134510","28","3"
"134889","114","2"
"134903","11","13"
"134920","16","0"
"134977","341","0"
"135063","137","0"
"135071","25","1"
"135390","12","7"
"135529","284","0"
"135600","11","1"
"135650","31","1"
"135723","15","1"
"135759","22","5"
"135884","656","0"
"136082","202","0"
"136162","6","0"
"136362","6","18"
"136516","17","3"
"136682","76","0"
"136755","32","0"
"136788","374","0"
"136906","10","0"
"136993","16","4"
"136997","13","1"
"137261","3","12"
"137351","18","3"
"137366","27","2"
"137377","200","0"
"137381","7","12"
"137434","14","1"
"137489","24","3"
"137548","10","12"
"137706","5","18"
"137720","3","26"
"137733","13","6"
"137751","15","2"
"137854","9","7"
"138003","6","5"
"138182","1","22"
"138259","76","0"
"138270","10","2"
"138283","18","0"
"138295","34","2"
"138364","11","3"
"138391","11","0"
"138395","9","6"
"138402","3","10"
"138530","16","11"
"138615","10","1"
"138641","169","0"
"138658","183","2"
"138702","9","3"
"138737","5","10"
"139056","250","0"
"139161","10","6"
"139163","1","16"
"139256","15","7"
"139356","2","3"
"139370","2","17"
"139421","6","6"
"139457","753","0"
"139489","35","1"
"139534","3","14"
"139586","42","1"
"139598","20","0"
"139648","15","4"
"139654","10","2"
"139800","6","2"
"139861","4","13"
"139918","57","0"
"139973","5","6"
"140011","79","0"
"140133","6","1"
"140238","5","6"
"140249","4","7"
"140291","31","1"
"140321","27","3"
"140340","7","1"
"140367","22","2"
"140431","1","27"
"140436","1","18"
"140472","5","3"
"140902","1","30"
"140983","363","0"
"141025","5","10"
"141220","30","1"
"141424","7","3"
"141531","18","4"
"141644","6","12"
"141661","5","13"
"141789","4","11"
"141902","13","7"
"142119","2","23"
"142240","92","0"
"142286","11","2"
"142295","52","0"
"142338","10","0"
"142466","15","3"
"142596","23","2"
"142637","16","4"
"142715","4","1"
"142982","54","1"
"143014","33","0"
"143054","1","17"
"143145","20","6"
"143390","57","0"
"143391","9","7"
"143409","10","10"
"143462","1","18"
"143604","240","1"
"143715","6","4"
"143735","5","0"
"144063","428","0"
"144218","161","0"
"144236","32","0"
"144383","6","10"
"144501","2","3"
"144536","474","0"
"144604","8","9"
"144612","366","0"
"144666","1","21"
"144689","32","2"
"144695","34","4"
"144841","20","2"
"144857","24","0"
"144925","2","1"
"145080","14","10"
"145089","89","2"
"145201","259","0"
"145222","3","22"
"145287","57","1"
"145346","39","0"
"145393","124","1"
"145431","32","0"
"145519","15","0"
"145527","8","2"
"145553","11","5"
"145839","4","13"
"146093","21","3"
"146119","24","4"
"146273","11","10"
"146279","19","6"
"146356","10","0"
"146730","19","6"
"146755","8","9"
"147001","8","2"
"147176","14","0"
"147220","2","12"
"147276","27","5"
"147560","7","2"
"147562","21","2"
"147650","30","1"
"147664","1","21"
"147706","126","0"
"147901","10","5"
"147902","7","1"
"148123","118","2"
"148142","4","1"
"148392","16","2"
"148430","120","0"
"148503","10","3"
"148726","4","12"
"148751","6","10"
"148788","1","21"
"148961","234","0"
"149364","14","12"
"149395","23","1"
"149565","10","6"
"149594","12","11"
"149666","14","3"
"149863","24","3"
"149927","1","28"
"149934","11","8"
"150129","11","3"
"150342","47","1"
"150549","3","27"
"150553","15","4"
"150913","46","0"
"151140","10","8"
"151281","3","15"
"151461","10","10"
"151573","2","8"
"151766","5","12"
"151972","7","2"
"152050","26","8"
"152075","6","10"
"152101","24","2"
"152216","7","1"
"152235","19","3"
"152284","15","1"
"152445","1050","0"
"152512","2","0"
"152539","102","0"
"152625","53","0"
"152740","9","3"
"152768","10","1"
"152929","21","7"
"152937","27","0"
"153023","65","1"
"153229","4","13"
"153258","2","18"
"153343","4","11"
"153526","1","18"
"153573","6","6"
"153640","34","8"
"153699","34","0"
"153707","4","7"
"153725","54","0"
"153737","4","17"
"154020","3","11"
"154028","50","0"
"154068","2","2"
"154100","56","1"
"154187","1","17"
"154229","2","0"
"154272","4","9"
"154333","1","30"
"154351","90","1"
"154403","60","0"
"154595","10","5"
"154775","4","5"
"154850","1","7"
"154929","3","25"
"154946","36","3"
"155025","4","4"
"155343","1","3"
"155461","1","1"
"155463","37","2"
"155580","109","0"
"155590","10","10"
"155626","8","6"
"155675","11","2"
"156055","1","26"
"156076","7","4"
"156140","393","0"
"156188","202","0"
"156270","39","0"
"156301","49","1"
"156405","179","0"
"156459","10","4"
"156605","226","0"
"156609","3","20"
"156721","15","12"
"156752","1","9"
"156914","137","2"
"156981","54","4"
"156996","7","0"
"157047","1","30"
"157149","8","1"
"157284","12","1"
"157405","100","2"
"157465","6","1"
"157524","1","10"
"157688","90","0"
"157954","2","29"
"157989","2","27"
"158275","82","0"
"158330","3","3"
"158331","8","6"
"158343","7","2"
"158367","7","6"
"158388","1","13"
"158458","14","2"
"158502","9","18"
"158615","1","7"
"158811","12","5"
"158883","52","0"
"158902","2","8"
"159117","35","0"
"159204","2","20"
"159324","3","18"
"159411","7","13"
"159490","3","21"
"159810","9","6"
"159829","81","0"
"159858","1","30"
"160017","20","4"
"160042","29","1"
"160063","3","23"
"160262","7","13"
"160352","6","3"
"160357","50","1"
"160360","11","7"
"160374","21","2"
"160412","11","4"
"160426","13","1"
"160431","11","0"
"160445","284","1"
"160461","5","12"
"160477","14","2"
"160486","3","24"
"160537","3","14"
"160555","4","0"
"160598","2","11"
"160730","5","8"
"160848","42","0"
"160896","10","3"
"160970","3","3"
"161030","4","2"
"161117","6","12"
"161121","38","1"
"161265","6","12"
"161276","29","2"
"161292","8","1"
"161294","13","0"
"161311","16","6"
"161473","13","2"
"161500","13","2"
"161626","2","22"
"161643","53","1"
"161787","245","0"
"161809","211","0"
"161813","49","1"
"161834","13","6"
"161999","14","15"
"162042","17","3"
"162071","13","11"
"162157","5","13"
"162212","3","11"
"162213","13","4"
"162215","7","4"
"162261","40","9"
"162309","13","5"
"162313","6","14"
"162539","35","2"
"162592","2","9"
"162709","2","18"
"162774","3","9"
"162925","4","11"
"163115","14","10"
"163143","23","8"
"163251","92","1"
"163319","2","29"
"163521","8","1"
"163850","5","8"
"163899","6","10"
"164104","1","23"
"164235","30","1"
"164311","19","2"
"164705","15","0"
"164853","18","2"
"164871",NULL,"36"
"164881","1","28"
"165137","11","4"
"165151","3","9"
"165322","6","8"
"165411","20","0"
"165413","1","30"
"165421","5","5"
"165440","24","0"
"165503","49","0"
"165574","70","0"
"165578","28","3"
"165609","22","4"
"165699","6","4"
"165731","3","12"
"165901","4","4"
"165933","1","28"
"165945","2","17"
"166094","23","3"
"166188","16","3"
"166251","2","23"
"166289","16","10"
"166553","12","1"
"166743","6","3"
"166853","23","1"
"166878","16","9"
"166964","331","0"
"167045","1","28"
"167128","2","19"
"167154","1","24"
"167232","11","2"
"167319","219","0"
"167338","14","0"
"167358","12","6"
"167362","5","1"
"167364","65","1"
"167382","8","2"
"167402","3","9"
"167490","98","2"
"167526","23","5"
"167704","74","2"
"167743","2","13"
"167852","1","10"
"167857","1","5"
"167898","10","4"
"168019","19","7"
"168023","42","1"
"168122","29","0"
"168989","26","10"
"169064","11","4"
"169112","11","2"
"169162","4","0"
"169170","2","5"
"169174","7","5"
"169724","5","24"
"169864","6","8"
"169892","23","2"
"169923","14","1"
"169931","9","4"
"170104","9","1"
"170109","137","1"
"170142","2","17"
"170144","18","2"
"170169","14","10"
"170248","2","15"
"170281","1","10"
"170406","1","3"
"170443","1","22"
"170525","5","6"
"170599","19","4"
"170620","4","6"
"170661","41","1"
"170714","17","3"
"170806","19","6"
"170831","2","21"
"170856","6","14"
"170878","453","0"
"170882","9","3"
"170957","1","8"
"171026","751","0"
"171046","1","26"
"171136","4","22"
"171154","1","10"
"171155","43","1"
"171336","9","6"
"171362","36","2"
"171363","11","2"
"171536","4","10"
"171547","36","4"
"171566","2","9"
"171576","1","28"
"171601","6","6"
"171644","12","0"
"171790","18","2"
"171791","14","6"
"171838","22","13"
"171882","54","2"
"171960","13","13"
"171998","14","0"
"172013","5","13"
"172038","9","11"
"172056","13","9"
"172057","134","1"
"172062","30","0"
"172081","9","7"
"172084","12","1"
"172189","43","2"
"172192","17","0"
"172282","280","0"
"172454","3","7"
"172522","2","23"
"172595","11","6"
"172604","8","5"
"172658","48","0"
"172779","9","6"
"172793","17","0"
"172860","36","5"
"172978","10","0"
"173130","15","9"
"173212","8","7"
"173283","60","1"
"173759","53","0"
"173797","5","17"
"173822","22","1"
"173868","21","3"
"174019","88","0"
"174043","1","16"
"174050","2","12"
"174104","4","6"
"174190","5","4"
"174200","23","1"
"174220","2","10"
"174330","9","1"
"174365","62","0"
"174369","19","1"
"174595","3","12"
"174628","1","20"
"174641","5","3"
"174704","18","1"
"174843","2","18"
"174845","5","16"
"174866","1","11"
"174874","1","20"
"174925","7","1"
"175030","3","1"
"175216","12","6"
"175266","2","25"
"175320","2","9"
"175534","28","1"
"175581","39","0"
"175615","90","0"
"175868","10","0"
"175880","29","6"
"175904","2","3"
"176003","52","8"
"176017","3","12"
"176102","2","28"
"176155","104","2"
"176305","1","4"
"176328","6","2"
"176405","15","0"
"176436","5","13"
"176576","34","3"
"176580","15","0"
"177028","1","4"
"177475","346","0"
"177508","5","10"
"177588","8","7"
"177589","14","1"
"177704","8","13"
"177746","20","0"
"177828","2","4"
"177942","16","4"
"178001","28","3"
"178238","1","18"
"178410","5","12"
"178526","12","9"
"178538","12","4"
"178599","1","30"
"178647","12","1"
"178757","8","15"
"178957","126","0"
"179087","2","21"
"179225","1","9"
"179330","1","21"
"179425","8","26"
"179629","1","24"
"179648","11","3"
"179910","17","9"
"179948","10","17"
"179992","1","14"
"180075","23","2"
"180108","2","20"
"180331","8","5"
"180416","250","0"
"180425","29","3"
"180587","3","6"
"180663","3","18"
"180765","13","4"
"180776","20","1"
"180801","11","1"
"180831","3","0"
"180902","33","0"
"180967","49","1"
"181105","10","9"
"181425","4","3"
"181456","120","0"
"181548","5","0"
"181998","11","0"
"182079","217","1"
"182172","105","1"
"182558","6","23"
"182687","3","5"
"182765","4","3"
"182797","1","30"
"182883","16","4"
"182955","2","22"
"182956","28","1"
"182994","5","6"
"183120","26","1"
"183136","2","20"
"183230","4","12"
"183380","3","22"
"183391","6","4"
"183397","6","12"
"183556","8","5"
"183773","12","9"
"183790","3","22"
"183832","1","30"
"184143","13","0"
"184162","2","11"
"184180","7","18"
"184292","6","1"
"184529","31","0"
"184625","9","6"
"184901","4","6"
"185065","4","4"
"185117","6","16"
"185462","21","1"
"185566","27","2"
"185634","9","3"
"185730","11","2"
"185765","14","1"
"185859","15","13"
"186014","3","9"
"186017","6","9"
"186102","28","3"
"186112","1","20"
"186133","2","0"
"186272","37","5"
"186342","20","0"
"186428","16","1"
"186507","13","0"
"186540","3","13"
"186584",NULL,"38"
"186588","1","30"
"186671","1","25"
"186779","1","13"
"186848","8","2"
"186881","16","0"
"187016","1","19"
"187074","27","0"
"187362","141","0"
"187369","18","14"
"187411","36","4"
"187436","4","1"
"187448","9","4"
"187493","4","1"
"187900","1","18"
"187910","4","0"
"187913","15","2"
"187945","93","0"
"187996","23","2"
"188007","21","3"
"188086","8","3"
"188150","56","2"
"188218","116","0"
"188621","22","1"
"188782","6","10"
"188980","20","0"
"188981","23","3"
"189093","1","23"
"189259","1","20"
"189277","8","3"
"189351","7","2"
"189427","1","30"
"189428","79","1"
"189464","2","19"
"189478","4","15"
"189517","34","5"
"189557","2","1"
"189778","1","18"
"190136","51","3"
"190332","39","2"
"190462","3","4"
"190744","1","21"
"190814","3","8"
"191028","16","2"
"191184","4","7"
"191190","22","2"
"191207","23","2"
"191212","4","11"
"191243","1","15"
"191264","3","11"
"191440","1","28"
"191499","144","0"
"191786","3","22"
"191823","30","3"
"191972","4","11"
"192035","162","1"
"192063","5","15"
"192144","3","14"
"192297","23","0"
"192328","3","18"
"192393","17","1"
"192784","15","6"
"192803","1","29"
"192809","1","11"
"192811","268","0"
"192837","28","1"
"192871","2","16"
"192993","38","3"
"193112","7","11"
"193150","6","12"
"193268","29","3"
"193297","10","6"
"193595","51","3"
"193610","5","0"
"193626","11","0"
"193749","7","4"
"194105","4","9"
"194304","3","13"
"194400","11","5"
"194431","7","8"
"194770","1","22"
"194964","6","21"
"195226","1","30"
"195304","7","0"
"195415","10","16"
"195475","9","7"
"195680","17","5"
"195713","3","4"
"195732","8","4"
"195753","3","28"
"195901","2","11"
"196365","8","10"
"196582","1","5"
"196670","31","3"
"196694","2","10"
"197005","8","9"
"197081","9","0"
"197108","3","12"
"197228","3","10"
"197796","16","0"
"197890","15","3"
"197951","5","7"
"197986","5","14"
"198165","1","17"
"198276","10","2"
"198601","1","21"
"198633","143","1"
"198731","14","2"
"198818","36","0"
"198903","6","11"
"198915","36","3"
"198924","15","6"
"198980","4","2"
"199106","1","15"
"199303","38","0"
"199372","45","2"
"199382","3","1"
"199398","26","3"
"199422","1","30"
"199426","20","5"
"199721","6","2"
"199950","1","11"
"199963","25","0"
"200221","4","16"
"200357","2","13"
"200549","10","9"
"200754","67","0"
"200840","9","2"
"201010","2","22"
"201016","66","0"
"201048","10","6"
"201257","12","1"
"201335","2","14"
"201385","7","8"
"201578","23","0"
"201728","20","11"
"202272","7","8"
"202322","66","0"
"202458","5","0"
"202582","1","28"
"202600","3","2"
"202662","12","1"
"202677","1","29"
"202820","12","7"
"202881","13","4"
"203217","1","30"
"203289","4","2"
"203554","22","5"
"203767","1","19"
"203811","55","3"
"203872","2","29"
"203995","7","0"
"204082","2","22"
"204163","5","26"
"204303","9","7"
"204400","3","6"
"204415","21","0"
"204609","10","5"
"204683","105","1"
"204712","59","0"
"204927","61","2"
"205158","10","4"
"205279","12","0"
"205327","11","0"
"205475","2","21"
"205748","21","3"
"205792","6","19"
"206366","4","3"
"206388","3","29"
"206401","1","15"
"206542","3","4"
"206612","32","3"
"206760","27","4"
"206780","19","2"
"206802","2","26"
"206887","7","5"
"206908","37","0"
"206982","4","6"
"206986","1","18"
"207200","11","2"
"207343","26","0"
"207589","3","7"
"207620","10","6"
"207990","18","5"
"208055","11","5"
"208310","201","0"
"208379","1","1"
"208620","35","3"
"208704","21","0"
"208716","4","5"
"208879","2","29"
"209051","2","6"
"209305","7","1"
"209430","157","0"
"209454","9","3"
"209850","84","1"
"209921","20","1"
"209952","97","3"
"209967","1","17"
"210044","1","3"
"210115","7","1"
"210576","1","13"
"210755","1","3"
"211026","6","2"
"211098","2","22"
"211147","21","4"
"211163","2","17"
"211176","5","3"
"211223","22","0"
"211287","2","1"
"211335","23","9"
"211397","5","16"
"211593","8","3"
"211644","18","2"
"211653","15","5"
"212297","2","1"
"212386","116","2"
"212721","7","2"
"212846","11","10"
"212888","1","26"
"212897","1","12"
"212923","11","0"
"213138","2","24"
"213189","5","2"
"213501","1","25"
"213654","15","4"
"213771","13","1"
"213850","2","0"
"213879","9","3"
"213889","1","20"
"213923","15","5"
"214215","1","16"
"214437","15","3"
"214487","2","18"
"214675","1","6"
"214732","24","1"
"214755","11","9"
"214924","3","12"
"214977","2","17"
"215028","5","9"
"215108","2","19"
"215112","7","10"
"215122","5","23"
"215185","10","0"
"215222","19","4"
"215615","2","27"
"215629","4","6"
"215761","6","16"
"215782","1","13"
"216136","1","9"
"216241","2","2"
"216272","2","10"
"216409","1","3"
"216697","109","3"
"216702","27","2"
"216886","1","28"
"216970","13","1"
"217244","12","3"
"217256","5","4"
"217393","7","2"
"217516","5","21"
"217622","2","12"
"218195","4","12"
"218560","2","25"
"218701","7","6"
"218715","82","0"
"218965","8","16"
"219324","2","25"
"219396","36","2"
"219422","3","13"
"219481","4","9"
"219681","278","0"
"219728","7","1"
"219901","27","2"
"219937","2","19"
"220020","31","2"
"220090","1","20"
"220162","3","1"
"220373","43","1"
"220423","24","1"
"220500","3","20"
"220508","16","2"
"220514","8","18"
"220531","13","10"
"220610","77","5"
"220638","1","26"
"220652","1","28"
"220658","2","26"
"220690","56","3"
"220721","57","2"
"220766","59","0"
"220914","36","1"
"221031","42","1"
"221037","35","1"
"221052","4","16"
"221060","4","17"
"221101","3","17"
"221166","4","13"
"221263","1","25"
"221317","11","0"
"221321","2","16"
"221446","3","18"
"221509","12","2"
"221580","3","26"
"221581","1","29"
"221635","1","27"
"221666","8","1"
"221673","4","19"
"221760","1","27"
"221791","10","2"
"221812","1","24"
"221813","10","18"
"221916","5","21"
"222035","5","17"
"222153","20","4"
"222453","3","13"
"222639","6","11"
"222896","7","2"
"222983","1","12"
"223401","4","4"
"223434","3","20"
"223754","1","0"
"223849","12","0"
"223945","2","26"
"224012","34","0"
"224040","11","0"
"224053","108","0"
"224089","28","7"
"224314","2","20"
"224444","13","8"
"224485","11","6"
"224716","5","12"
"224898","33","5"
"225085","10","7"
"225256","10","5"
"225404","14","1"
"225451","205","0"
"225539","5","8"
"225621","6","5"
"225684","1","25"
"225694","5","22"
"225881","3","3"
"225915","3","13"
"225967","23","1"
"226395","7","2"
"226490","2","24"
"226539","3","8"
"226554","5","3"
"226889","5","25"
"227133","8","8"
"227183","10","0"
"227440","6","3"
"227482","3","4"
"227542","22","0"
"227678","1","29"
"227694","12","6"
"227781","1","14"
"227803","4","18"
"227889","3","23"
"227944","1","30"
"228012","4","5"
"228103","5","8"
"228114","1","6"
"228424","1","12"
"228575","21","1"
"228592","98","1"
"228599","11","5"
"228702","7","0"
"228757","5","16"
"228785","1","9"
"229042","3","29"
"229107","4","21"
"229239","4","3"
"229305","4","16"
"229479","13","0"
"229745","7","7"
"230082","3","20"
"230124","12","5"
"230141","51","0"
"230252","84","0"
"230524","13","3"
"230718","3","19"
"230895","1","16"
"230911","27","13"
"230990","2","16"
"231209","2","24"
"231634","5","13"
"231760","11","6"
"232198","12","2"
"232356","44","3"
"232389","2","8"
"232488","10","11"
"232700","7","0"
"233022","5","11"
"233202","13","5"
"233238","1","17"
"233245","2","3"
"233374","5","15"
"233543","2","13"
"233745",NULL,NULL
"234020","2","28"
"234650","1","17"
"234710","6","18"
"234757","1","29"
"234788","31","0"
"234871","2","20"
"234935","1","30"
"235080","1","13"
"235384","11","8"
"235433","2","3"
"235478","4","12"
"235509","1","14"
"235658","7","11"
"235681","11","8"
"235789","1","28"
"235794","3","0"
"236018","2","11"
"236187","3","30"
"236420","9","3"
"236791","1","2"
"236849","5","11"
"237217","51","2"
"237273","2","26"
"237797","42","1"
"237941","1","28"
"238074","26","3"
"238086","2","18"
"238372","8","10"
"238610","7","16"
"239397","2","27"
"239415","1","12"
"239562","24","4"
"239631","1","11"
"240222","1","22"
"240438","6","12"
"240697","6","11"
"240931","1","9"
"241167","2","29"
"241344","2","11"
"241530","1","21"
"241957","1","13"
"242001","7","19"
"242545","6","2"
"242730","5","5"
"242818","1","30"
"242854","8","19"
"242907","5","8"
"243104","1","22"
"243494","1","11"
"243852","1","22"
"244100","6","16"
"244147","22","8"
"244157","111","0"
"244580","8","26"
"244661","1","21"
"244682","5","24"
"244838","59","0"
"245017","8","20"
"245092","1","9"
"245521","5","4"
"245587","11","0"
"245691","23","3"
"245753","14","0"
"245760","33","0"
"245816","123","0"
"245896","451","0"
"245897","88","4"
"246133","1","29"
"246510","4","4"
"246869","1","17"
"247041","14","1"
"247042","4","16"
"247202","70","6"
"247252","1","17"
"247269","8","6"
"247344","30","2"
"247535","1","26"
"247924","5","13"
"248134","3","13"
"248453","13","2"
"248581","99","1"
"248582","36","4"
"248613","5","20"
"248620","10","0"
"248734","23","2"
"248949","11","13"
"249017","8","5"
"249123","2","12"
"249256","4","4"
"249643","5","1"
"249957","7","3"
"249984","7","13"
"250362","1","25"
"250598","103","0"
"250599","4","8"
"250653","1","29"
"250899","1","12"
"250952","2","19"
"251049","8","6"
"251093","2","30"
"251326","1","12"
"251453","19","7"
"251882","38","0"
"251892","6","14"
"252014","24","1"
"252039","26","1"
"252224","2","13"
"252378","1","30"
"252440","1","21"
"252525","5","12"
"252743","17","3"
"253132","19","2"
"253546","3","28"
"253857","38","5"
"254250","1","30"
"254317","1","2"
"255125","2","18"
"255332","46","2"
"255764","9","3"
"256129","2","4"
"256476","26","8"
"256618","6","8"
"257135","4","10"
"257271","1","24"
"257351","13","2"
"257594","6","3"
"258157","1","28"
"258290","3","10"
"258495","1","13"
"259011","38","2"
"259528","18","4"
"259756","1","20"
"260108","16","2"
"260250","8","4"
"260395","1","29"
"260870","2","22"
"260972","2","15"
"261041","8","6"
"262882","3","12"
"262932","10","12"
"263820","10","12"
"263929","5","2"
"265514","5","19"
"265799","4","10"
"266186","1","19"
"266558","12","7"
"266777","36","2"
"266987","1","27"
"267210","2","18"
"267987","3","11"
